{
    "epoch": 5.903743315508021,
    "eval_loss": 0.4013577103614807,
    "eval_runtime": 9.5343,
    "eval_samples_per_second": 8.81,
    "eval_steps_per_second": 8.81
}