{
    "epoch": 5.903743315508021,
    "total_flos": 1.912790454286418e+17,
    "train_loss": 0.7578508871189062,
    "train_runtime": 1775.1576,
    "train_samples_per_second": 2.528,
    "train_steps_per_second": 0.155
}