{
    "epoch": 5.940928270042194,
    "eval_loss": 0.10161306709051132,
    "eval_runtime": 2.8502,
    "eval_samples_per_second": 28.068,
    "eval_steps_per_second": 28.068
}