{
    "epoch": 5.903743315508021,
    "eval_loss": 0.3919483423233032,
    "eval_runtime": 17.6389,
    "eval_samples_per_second": 4.762,
    "eval_steps_per_second": 4.762,
    "total_flos": 3.625703976783053e+17,
    "train_loss": 0.7432431742764901,
    "train_runtime": 2990.4948,
    "train_samples_per_second": 1.501,
    "train_steps_per_second": 0.092
}