{
    "epoch": 5.973333333333334,
    "total_flos": 1.8305456759832576e+16,
    "train_loss": 0.20740249424818016,
    "train_runtime": 706.4849,
    "train_samples_per_second": 7.643,
    "train_steps_per_second": 0.476
}